{
  "train_rows": 6411,
  "val_rows": 1280,
  "test_rows": 1279,
  "train_races": 300,
  "val_races": 64,
  "test_races": 64,
  "positive_rate_train": 0.14038371548900327,
  "positive_rate_test": 0.15011727912431588,
  "selected_threshold": 0.68,
  "validation_f1_best_threshold": 0.702020202020202,
  "test_f1": 0.609375,
  "test_precision": 0.609375,
  "test_recall": 0.609375,
  "test_roc_auc": 0.9206244250229991,
  "confusion_matrix": [
    [
      1012,
      75
    ],
    [
      75,
      117
    ]
  ],
  "precision_at_3": 0.625,
  "recall_at_3": 0.625,
  "exact_top3_race_rate": 0.15625
}